Question,Type,Option_A,Option_B,Option_C,Option_D,Option_E,Option_F,Correct_Answers
Which two methods do you use to invoke the best visualization in OAC?,Checkboxes,"Select the desired data elements from the Data Elements pane, and then right-click and select Create Best Visualization from the drop-down menu",Change the project's properties to 'Always use Best Visualization',Select the desired data elements from the Data Elements pane and drag them to a blank area of the canvas,Select the Best Visualization option from the project's Canvas Settings drop-down menu,,,"A, C"
11. Which type of report is an example of the bursting feature in Pixel Perfect Reporting?,Multiple Choice,Ad hoc reporting,Interactive data exploration,Government PDF forms,Customized regional marketing reports,Bar codes,,D
You have a business security requirement allowing a user defined Group to create and edit only data sets and workbooks. Which statement is true regarding Oracle Analytics Cloud Application Roles?,Multiple Choice,Create a User-Defined Application Role with only the required authoring capabilities and grant it to the Group.,"Modify the ""DV Content Author"" Application Role permissions with only the required authoring capabilities and grant it to the Group.","Use the predefined ""BI Content Author"" application role and grant it to the Group.",,,,C
Which two statements are true regarding brushing in Oracle Analytics Analytics Cloud (OAC)?,Checkboxes,Brushing requires the creation of a special brushing object in the data model,Brushing can be used to highlight related data points across multiple linked visualizations,"Brushing works only with visualizations of the same type (for example, bar chart to bar chart)",Brushing automatically creates a new data source based on the selected data points,,,"B, D"
14. What does a fact table use to reference dimension tables?,Multiple Choice,Dimension attribute,Primary key,Master key,Aggregate type,Foreign key,,E
"You are working on a Sales Data Data Model with the following elements: Sales, Customer, Time, Geography, and Product. The Time dimension includes columns for Calendar Date, Year, Quarter, and Month. You want to analyze Sales within the same visualization by navigating from the Year level to the Month level. Which capability of the Oracle Analytics Cloud (OAC) will you use?",Multiple Choice,Drill Down Functions in Expression Editor,The Hierarchy capability in Oracle Analytics Semantic Modeler,Oracle Analytics automatically creates this capability for all Dimensions,Use the Analytics Link capability to navigate to a different canvas in Data Actions,,,B
16. Which action aids the creation of a story after generating visuals with Auto Insights in Oracle Analytics Cloud?,Multiple Choice,Navigate to the story creation feature available in Oracle Analytics Server.,Navigate to the Visualize Tab in Oracle Analytics Cloud for story development.,Utilize the Oracle Day by Day Mobile Application for story creation.,Navigate to the Present Tab in Oracle Analytics Cloud for story development.,,,D
17. Which role is required to edit and create a new semantic model in Oracle Analytics Cloud Enterprise Edition?,Multiple Choice,BI Content Author,BI RPD Model Author,BI Data Model Author,BI Data Load Author,DV Consumer Role,,B
The Administrator has navigated to the console page and clicked on search index. Which three items can be included in the index?,Checkboxes,Shared Folders,Content Folder,Data Models,User Folders,Templates,,"A, C, E"
You access a data visualization workbook by using your phone's browser. The canvas has three visualizations. How are the visualizations sized?,Multiple Choice,The first visualization takes 50% of the display area and the other two take 25% each.,Each visualization is of the same size.,Only a single visualization is displayed.,You cannot access data visualization by using a phone's browser.,,,B
"Which two statements are true about using parameters in Oracle Analytics Cloud (OAC) dashboard that analyzes sales data across attributes such as Customer Segment, Order Priority, Product Category, and City?",Checkboxes,Parameters can only be used with prompts on visualizations.,Parameters can be used as column selectors.,Parameters can be used with workbook titles and visualization labels.,Parameters can only be used as filters.,,,"B, C"
"You are tasked with creating a report in Oracle Analytics Analytics Publisher Publisher (OAP) that displays sales figures by product category, category and region. The data source is a relational database. Which is the initial step when building this report in OAP?",Multiple Choice,Select the charts and graphs to visualize the sales data,Create prompts to allow users to select specific product categories and regions,Define the data model connection to the relational database,Design the layout of the report using the Layout Editor,,,C
Which two maps use an API key to add as Map Background?,Checkboxes,Baidu Map,Google Map,Tiled Web Map,WMS Map,Oracle Map,,"B, C"
22. Which statement is true about Data Flows and Sequences?,Multiple Choice,Sequences can be scheduled but not Data Flows,Sequences cannot be scheduled but Data Flows can,Both Sequences and Data Flows can be scheduled,You cannot run a Sequence,,,C
How do you find the number of users signed in to your OAC Instance?,Multiple Choice,By asking the administrator to provide the number of users logged in to the OAC Instance,By running users() from Issue SQL,By running users() from Issue SQL,By accessing Users and Roles,,,B
24. You are working with an Oracle Analytics Analytics Cloud Cloud (OAC) workbook containing key sales performance metrics. You want to automatically deliver these insights to regional sales managers every Monday morning. Which statement about using the Workbook Email Scheduler is true?,Multiple Choice,The Workbook Email Scheduler supports sending dashboards along with scheduled emails.,Bursting allows you to personalize the emailed workbook for each recipient based on their data access permissions.,All regional managers must be preconfigured as Oracle Analytics Cloud users to receive scheduled emails with the workbook.,"You can schedule emails for workbooks on the ""My Folders"" and ""Shared Folders.""",The feature currently doesn't require any specific configuration by an OAC administrator.,,B
Which data action must you use to connect to Oracle Analytics Publisher reports?,Multiple Choice,HTTP API,Publish Event,Webhooks,URL Navigation,Analytics Link,,D
"26. In Oracle Analytics Analytics Cloud (OAC), you can quickly search for saved objects. However, if your input or search criteria is not formed correctly, it will not return any results. What could be the problem with your input?",Multiple Choice,"The input contains a comma (,) in the search text.",The input contains the date attribute in the year-month-day format.,"The input contains an asterisk (*) in the search text (for example, *revenue).",The input contains the object name only as a search text.,,,"A, D"
You have been tasked with building an analysis that requires data from two subject areas. How do you accomplish this?,Multiple Choice,A subject area must be modified to include all the columns required,Create two separate analyses and use the union feature,Create an analysis and add a second subject area for a union,Create two separate analyses and use the merge feature,,,C
You add a clusters statistic to your scatter chart. What does this help you identify?,Multiple Choice,Disparate groups of data points,Heterogeneous groups of data points,Homogeneous groups of data points,Homogeneous and heterogeneous groups of data points,,,C
"29. You have a data set of stocks with the columns Date, MaxStockPrice, and MinStockPrice. Which column cannot be removed when performing a trend analysis?",Multiple Choice,MinStockPrice,MaxStockPrice,All columns are required,Date,,,D
3. An analyst is creating a story on the Present tab of a workbook in Oracle Analytics Analytics Cloud (OAC). Which statement is true regarding the use of the Present tab in workbooks?,Multiple Choice,The Present tab allows you to create static reports that can only be exported as PDFs.,The Present tab is used to define data connections for external data sources.,The Present tab is used for data preparation and transformation before creating visualizations.,The Present tab allows you to create interactive presentations and stories.,,,D
"You have a global data set for oil prices for a period of time for each country. However, you need to perform analyses on Asian countries for a period of one month.",Checkboxes,Range and Expression,List and Date Range,List and Range,Date Range and Top Bottom,Expression and Date Range,,"B, C"
"You must create an Oracle Autonomous Data Warehouse connection for a data set. What do you need to create this connection for the appropriate schema? TNS descriptor and user credentials, SSO file and user credentials, Wallet file, TNS descriptor, and user credentials, Wallet file and user credentials, SSO file, tnsnames file, and user credentials.",Multiple Choice,TNS descriptor and user credentials,SSO file and user credentials,"Wallet file, TNS descriptor, and user credentials",Wallet file and user credentials,"SSO file, tnsnames file, and user credentials",,C
"32. You are designing an analytics solution for a company that distributes packaged foods for independent retailers. The solution requires self-service analytics capabilities for product management and marketing. In addition, highly formatted reports must be delivered by scheduled email to external resellers. Which edition of Oracle Analytics must you use?",Multiple Choice,OAC Business Intelligence Edition,OAC Enterprise Edition,OA Fusion Analytics Warehouse Edition,OAC Professional Edition,OA Data Visualization Cloud,,B
33. Which is a supported source for registering and using Machine Learning models?,Multiple Choice,Mongo Database,SQL Server,Oracle Cloud Object Storage,Autonomous Data Warehouse,,,D
34. Which are two use-cases for Data Flow?,Checkboxes,Create a custom Python Machine Learning model using OOTB capabilities in Data Flow.,Perform some lightweight transformation within the Workbook.,To curate data sets that can be used for visualizations.,Train and test the Machine Learning model.,,,"C, D"
What are the two steps to create a data set that you can use for analyzing country revenues over time?,Checkboxes,Keep Matching Rows on both data sets and match the ID column,Apply the default Aggregation on Year,Apply the default Aggregation on Revenue_amount,,,,"A, C"
36. Your client wants to implement a custom plug-in from the Oracle Analytics Analytics Library. You just finished uploading the extension to Oracle Analytics Cloud (OAC). What action do you need to take before the extension is available for use in projects?,Multiple Choice,Refresh the page.,Restart the OAC instance.,No additional action is needed.,Enable the plug-in from the Plug-in menu.,,,D
You create a Watchlist in Oracle Analytics Analytics Cloud (OAC) to display critical sales visualizations for your region. Which one of the following statements about adding visualizations to a Watchlist is true?,Multiple Choice,Adding a visualization to a Watchlist removes it from the original workbook.,You can only add visualizations from the same workbook to a Watchlist.,You can add any visualization from any workbook in OAC to a Watchlist.,Watchlists can only contain tables and graphs but cannot include charts.,,,C
"You have created a product type type dashboard prompt and applied it to the Sales dashboard. You have four reports on the Revenue dashboard page. When a user selects and applies the dashboard prompts, the data in two reports is being refreshed as per the prompt values selected, but the data in the two other reports is not getting refreshed. What are two possible reasons for this?",Checkboxes,The reports have a protected filter.,The Reports filter is set to the presentation variable.,The Reports filter formula is different from the prompt column formula.,,,,"B, C"
"The Order page page of the Sales dashboard dashboard contains a report. When a user clicks the value of the States column, the report is displayed in a new window. The user wants the click event drilled down in the same window. How can you achieve this requirement?",Multiple Choice,You can set Link - Within the dashboard in report properties.,It is not possible to open the drill in the report in the same window.,You can set publish page to dashboard in dashboard properties.,You can set the drill in place option in section properties.,,,D
Which two can be defined on a canvas in a story in Oracle Analytics Cloud?,Checkboxes,Notes,Notifications,Filters,Narration,,,"A, D"
You have a business requirement to create a three-month rolling Sales Sales calculation in an Oracle Analytics Cloud Cloud (OAC) workbook. Which time series function are you going to use?,Multiple Choice,"TODATE(Sales, Month)","PERIODROLLING(Sales, -1, 1)","AGO(Sales, Month, 3)","FORECAST(Sales, Month, 3)",,,B
"42. Oracle Applications Applications Connector supports Oracle Fusion Applications Cloud
Which is valid about Oracle Applications Applications Connector?",Multiple Choice,It cannot connect to on-premises Oracle BI Enterprise Edition.,The Active User's Credentials option in the Create Oracle Application Application Connection dialog box cannot be used with Oracle Applications Connector.,"When creating a connection, enter the URL for Oracle Fusion Applications.",It can be used with the Thin Client Modeler.,,,C
Which of these steps is REQUIRED in a Data Flow to create a new curated data set?,Multiple Choice,Add Data,Merge Columns,Filter,Aggregate,,,A
How should you determine the accuracy of a Machine Learning model created in Oracle Analytics Cloud (OAC)?,Multiple Choice,Create a Data Flow that includes a histogram.,Open the Inspect dialog for a given Machine Learning model and review the F1 score.,Use the Debug option in the Data Flow where the model was created.,Run the Machine Learning model with various filter values applied.,,,B
How should you use a machine learning model within a canvas of an Oracle Analytics Cloud Workbook?,Multiple Choice,Create a custom calculation,Create a scenario using the required model,Use the machine learning model for visualization,Create a data sequence,,,B
You are creating an analytics solution for a financial institution using Oracle Analytics Cloud. One of the requirements is a workbook with a model that identifies customers with multiple potential fraudulent transactions. Which algorithm would be the best fit for this purpose?,Multiple Choice,Anomaly Detection,Logistic Regression,Decision Tree,Support Vector Machine,,,A
"When designing a dashboard in the Oracle Analytics Analytics Cloud (OAC) workbook, you want to ensure an optimal viewing experience and alignment of visualizations across various devices such as mobiles, tablets, and laptops. Which two functionalities can be achieved using Canvas Properties in OAC?",Checkboxes,"Hiding, creating, or moving visualizations on the canvas depending on specific breakpoints",Configuring color themes specific to each device type,Defining canvas responsive layouts that adapt to different screen sizes,Setting individual font sizes for data labels within visualizations,Enabling automatic refresh of data based on device type,,"B, C"
48. Which two statements are true about Presentation Presentation Catalog Catalog?,Checkboxes,My Folders can be shared with other users,Catalog items can be set to read-only,You can grant ownership of items you create to other users,"To prevent corruption of the catalog, storage of objects of different types must be segregated into their own folders",,,"B, C"
You are working on a Sales Order Order Data Data Model with Sales Order Order Header and Sales Order Order Details stored in a dataset. There is a fact column that represents the number of items per order. You need to ensure the aggregation aggregation rule for this column is set to Count. Which two methods can be used to set the aggregation aggregation rule for this column to Count within Oracle Analytics Cloud (OAC)?,Checkboxes,Create a new calculated column using the COUNT() aggregation function in the Expression Editor,Change the column's aggregation rule to Count in the Present tab,Changing the column's aggregation rule is not possible after the dataset is imported,Change the column's aggregation rule to Count in the Data tab,,,D
5. What are two benefits of using Oracle Cloud Infrastructure (OCI) Logging to access Oracle Analytics Analytics Cloud (OAC) logs?,Checkboxes,OCI Logging allows direct editing of OAC logs and streamlines data export for external tools.,OCI Logging offers a centralized location for managing logs from OAC resources.,OCI Logging automatically archives OAC logs for disaster recovery purposes.,OCI Logging simplifies compliance auditing for OAC user activity.,,,"B, D"
Which statement statement accurately accurately describes describes the role and and function of of a Data Data Gateway Gateway? It enables enables secure and and efficient data data transfer transfer between between on-premises data data sources sources and and Oracle Oracle Analytics Analytics Cloud Cloud. It serves serves as a tool for for data data visualization visualization within within Oracle Oracle Analytics Analytics Cloud Cloud. It provides provides advanced advanced data data analysis analysis capabilities capabilities for for Oracle Oracle Database Database users users. It is designed designed to to optimize optimize cloud cloud storage storage usage usage within within Oracle Oracle Analytics Analytics Cloud Cloud.,Multiple Choice,It enables enables secure and and efficient data data transfer transfer between between on-premises data data sources sources and and Oracle Oracle Analytics Analytics Cloud Cloud.,It serves serves as a tool for for data data visualization visualization within within Oracle Oracle Analytics Analytics Cloud Cloud.,It provides provides advanced advanced data data analysis analysis capabilities capabilities for for Oracle Oracle Database Database users users.,It is designed designed to to optimize optimize cloud cloud storage storage usage usage within within Oracle Oracle Analytics Analytics Cloud Cloud.,,,A
6. Which version of OBIEE is supported for migration to OAC?,Multiple Choice,OBIEE 12g and later,OBIEE 11.1.X and later,OBIEE 11.1.X and later,OBIEE 10g,OBIEE 12c only,You cannot migrate content from OBIEE to OAC,"A, B"
Which feature in Console is the only way for the Administrator to change the ownership of your colleague's artifacts?,Multiple Choice,Go to the individual artifacts and assign them to the Administrator,Snapshots,System Settings,Users and Roles,Content,,D
"Which technique does Data Preparation in OAC use for recommendation with sensitive information such as SSN, credit card number, and customer number?",Multiple Choice,Sentiment Analysis algorithms,Cryptographic algorithms to encrypt sensitive information,Obfuscation to protect sensitive information,Advanced Analytics functions,,,C
